<!--?xml version="1.0"?-->
<config>
    <sections>
        <carriers>
            <groups>
                <glsshipping translate="label" module="shipping">
                    <label>GLS Shipping</label>
                    <frontend_type>text</frontend_type>
                    <sort_order>99</sort_order>
                    <show_in_default>1</show_in_default>
                    <show_in_website>1</show_in_website>
                    <show_in_store>1</show_in_store>
                    <fields>
                        <active translate="label">
                            <label>Enabled</label>
                            <frontend_type>select</frontend_type>
                            <source_model>adminhtml/system_config_source_yesno</source_model>
                            <sort_order>1</sort_order>
                            <show_in_default>1</show_in_default>
                            <show_in_website>1</show_in_website>
                            <show_in_store>1</show_in_store>
                        </active>
                        <sort_order translate="label">
                            <label>Sort order</label>
                            <frontend_type>text</frontend_type>
                            <sort_order>100</sort_order>
                            <show_in_default>1</show_in_default>
                            <show_in_website>1</show_in_website>
                            <show_in_store>1</show_in_store>
                        </sort_order>
                        <title translate="label">
                            <label>Title</label>
                            <frontend_type>text</frontend_type>
                            <sort_order>2</sort_order>
                            <show_in_default>1</show_in_default>
                            <show_in_website>1</show_in_website>
                            <show_in_store>1</show_in_store>
                        </title>
                        <methodtitle translate="label">
                            <label>Method Title</label>
                            <frontend_type>text</frontend_type>
                            <sort_order>2</sort_order>
                            <show_in_default>1</show_in_default>
                            <show_in_website>1</show_in_website>
                            <show_in_store>1</show_in_store>
                        </methodtitle>
                        <handling translate="label">
                            <label>Handling fee</label>
                            <frontend_type>text</frontend_type>
                            <sort_order>12</sort_order>
                            <show_in_default>1</show_in_default>
                            <show_in_website>1</show_in_website>
                            <show_in_store>1</show_in_store>
                        </handling>
                        <handling_type translate="label">
                            <label>Calculate Handling Fee</label>
                            <frontend_type>select</frontend_type>
                            <source_model>shipping/source_handlingType</source_model>
                            <sort_order>10</sort_order>
                            <show_in_default>1</show_in_default>
                            <show_in_website>1</show_in_website>
                            <show_in_store>0</show_in_store>
                        </handling_type>
 
                        <sallowspecific translate="label">
                            <label>Ship to applicable countries</label>
                            <frontend_type>select</frontend_type>
                            <sort_order>90</sort_order>
                            <frontend_class>shipping-applicable-country</frontend_class>
                            <source_model>adminhtml/system_config_source_shipping_allspecificcountries
                            </source_model>
                            <show_in_default>1</show_in_default>
                            <show_in_website>1</show_in_website>
                            <show_in_store>1</show_in_store>
                        </sallowspecific>
                        <specificcountry translate="label">
                            <label>Ship to Specific countries</label>
                            <frontend_type>multiselect</frontend_type>
                            <sort_order>91</sort_order>
                            <source_model>adminhtml/system_config_source_country
                            </source_model>
                            <show_in_default>1</show_in_default>
                            <show_in_website>1</show_in_website>
                            <show_in_store>1</show_in_store>
                        </specificcountry>
                        <specificerrmsg translate="label">
                            <label>Displayed Error Message</label>
                            <frontend_type>textarea</frontend_type>
                            <sort_order>80</sort_order>
                            <show_in_default>1</show_in_default>
                            <show_in_website>1</show_in_website>
                            <show_in_store>1</show_in_store>
                        </specificerrmsg>
                    </fields>
                </glsshipping>
            </groups>
        </carriers>
    </sections>
</config>
