<?xml version="1.0"?>
<config>
    <api>
        <resources>
            <epay translate="title" module="mage_epay">
            <title>ePay Magento Transaction API</title>
            <model>epay/objectmodel_api</model>
            <methods>
                <GetPaymentInfo translate="title" module="mage_epay">
                    <title>GetPaymentInfo</title>
                    <method>GetPaymentInfo</method>
                </GetPaymentInfo>
            </methods>
            </epay>
        </resources>
        <resources_alias>
            <ePay>epay</ePay>
        </resources_alias>
        <v2>
            <resources_function_prefix>
                <ePay>epay</ePay>
            </resources_function_prefix>
        </v2>
    </api>
</config>