<?xml version="1.0" encoding="UTF-8"?>
<definitions xmlns:typens="urn:{{var wsdl.name}}" xmlns:xsd="http://www.w3.org/2001/XMLSchema" xmlns:soap="http://schemas.xmlsoap.org/wsdl/soap/"
    xmlns:soapenc="http://schemas.xmlsoap.org/soap/encoding/" xmlns:wsdl="http://schemas.xmlsoap.org/wsdl/" xmlns="http://schemas.xmlsoap.org/wsdl/"
    name="{{var wsdl.name}}" targetNamespace="urn:{{var wsdl.name}}">
<!-- Since I'm just passing in a string and returning a string, I don't think I need to define any types! -->
<!--    <types>
        <schema xmlns="http://www.w3.org/2001/XMLSchema" targetNamespace="urn:Magento">
            <import namespace="http://schemas.xmlsoap.org/soap/encoding/" schemaLocation="http://schemas.xmlsoap.org/soap/encoding/" />
            <complexType name="epayMethodNameEntity">
                <all>
                    <element name="name" type="xsd:string" />
                </all>
            </complexType>
            <complexType name="epayMethodNameEntityArray">
                <complexContent>
                    <restriction base="epayMethodNameEntityArray">
                        <attribute ref="soap:arrayType" wsdl:arrayType="typens:epayMethodNameEntity[]" />
                    </restriction>
                </complexContent>
            </complexType>
        </schema>
    </types>-->
    <message name="epayGetPaymentInfoRequest">
        <part name="sessionId" type="xsd:string" />
       <part name="arg" type="xsd:string" />
    </message>
    <message name="epayGetPaymentInfoResponse">
        <part name="result" type="xsd:string" />
    </message>
    <portType name="{{var wsdl.handler}}PortType">
        <operation name="epayGetPaymentInfo">
            <documentation>Test Method</documentation>
            <input message="typens:epayGetPaymentInfoRequest" />
            <output message="typens:epayGetPaymentInfoResponse" />
        </operation>
    </portType>
    <binding name="{{var wsdl.handler}}Binding" type="typens:{{var wsdl.handler}}PortType">
        <soap:binding style="rpc" transport="http://schemas.xmlsoap.org/soap/http" />
        <operation name="epayGetPaymentInfo">
            <soap:operation soapAction="urn:{{var wsdl.handler}}Action" />
            <input>
                <soap:body namespace="urn:{{var wsdl.name}}" use="encoded" encodingStyle="http://schemas.xmlsoap.org/soap/encoding/" />
            </input>
            <output>
                <soap:body namespace="urn:{{var wsdl.name}}" use="encoded" encodingStyle="http://schemas.xmlsoap.org/soap/encoding/" />
            </output>
        </operation>
    </binding>
    <service name="{{var wsdl.name}}Service">
        <port name="{{var wsdl.handler}}Port" binding="typens:{{var wsdl.handler}}Binding">
            <soap:address location="{{var wsdl.url}}" />
        </port>
    </service>
</definitions>