<?xml version="1.0"?>
<config>
	<tabs>
        <mageworld translate="label">
            <label>Mage World</label>
            <sort_order>100</sort_order>
        </mageworld>
    </tabs>
    <sections>
        <easybanner translate="label" module="easybanner">
            <label>Easy Banner</label>
            <tab>mageworld</tab>
            <frontend_type>text</frontend_type>
            <sort_order>300</sort_order>
            <show_in_default>1</show_in_default>
            <show_in_website>1</show_in_website>
            <show_in_store>1</show_in_store>
            <groups>                
                <info translate="label">
                    <label>General</label>
                    <frontend_type>text</frontend_type>
                    <sort_order>10</sort_order>
                    <show_in_default>1</show_in_default>
                    <show_in_website>1</show_in_website>
                    <show_in_store>1</show_in_store>
                    <fields>						
						<enabled translate="label">
                            <label>Enable</label>
                            <frontend_type>select</frontend_type>
                            <source_model>adminhtml/system_config_source_yesno</source_model>
                            <sort_order>25</sort_order>
                            <show_in_default>1</show_in_default>
                            <show_in_website>1</show_in_website>
                            <show_in_store>1</show_in_store>
                        </enabled>
						
                    </fields>
                </info>
            </groups>
        </easybanner>
    </sections>
</config>
