
<config>
    <api>
        <resources>
            <oe_websites translate="title" module="core">
                <title>Website Management</title>
                <model>openerpconnector/oecore_website</model>
                <acl>core/store</acl>
                <methods>
                    <search translate="title" module="core">
                        <title>Return the list of website ids that match with the filter</title>
                        <method>search</method>
                    </search>
                    <list translate="title" module="core">
                        <title>Enumerate websites</title>
                        <method>items</method>
                    </list>
                    <create translate="title" module="core">
                        <title>Create Websites</title>
                        <!--Parameters are code,name,is_default,sort_order,default_group_id,group_ids-->
                        <method>create</method>
                    </create>
                    <info translate="title" module="core">
                        <title>Fetch detail of websites</title>
                        <method>info</method>
                    </info>
                    <update translate="title" module="core">
                        <title>Update websites info</title>
                        <method>update</method>
                    </update>
                    <delete translate="title" module="core">
                        <title>Delete websites</title>
                        <method>delete</method>
                    </delete>
                </methods>
                <faults module="core">
                    <website_not_exists>
                        <code>101</code>
                        <message>Requested website not found.</message>
                    </website_not_exists>
                    <data_invalid>
                        <code>102</code>
                        <message>Website creation failed due to invalid data.</message>
                    </data_invalid>
                </faults>
            </oe_websites>
            <oe_groups translate="title" module="core">
                <title>Groups Management</title>
                <model>openerpconnector/oecore_groups</model>
                <acl>core/store</acl>
                <methods>
                    <search translate="title" module="core">
                        <title>Return the list of groups ids that match with the filter</title>
                        <method>search</method>
                    </search>
                    <list translate="title" module="core">
                        <title>Enumerate groups</title>
                        <method>items</method>
                    </list>
                    <create translate="title" module="core">
                        <title>Create groups</title>
                        <!--Parameters are code,name,is_default,sort_order,default_group_id,group_ids-->
                        <method>create</method>
                    </create>
                    <info translate="title" module="core">
                        <title>Fetch detail of groups</title>
                        <method>info</method>
                    </info>
                    <update translate="title" module="core">
                        <title>Update groups info</title>
                        <method>update</method>
                    </update>
                    <delete translate="title" module="core">
                        <title>Delete groups</title>
                        <method>delete</method>
                    </delete>
                </methods>
                <faults module="core">
                    <group_not_exists>
                        <code>101</code>
                        <message>Requested group not found.</message>
                    </group_not_exists>
                    <data_invalid>
                        <code>102</code>
                        <message>group creation failed due to invalid data.</message>
                    </data_invalid>
                    <filters_invalid>
                        <code>103</code>
                        <message>Invalid data fetch filter.</message>
                    </filters_invalid>
                </faults>
            </oe_groups>
            <oe_storeviews translate="title" module="core">
                <title>Stores Management</title>
                <model>openerpconnector/oecore_storeviews</model>
                <acl>core/store</acl>
                <methods>
                    <search translate="title" module="core">
                        <title>Return the list of storeviews ids that match with the filter</title>
                        <method>search</method>
                    </search>
                    <list translate="title" module="core">
                        <title>Enumerate stores</title>
                        <method>items</method>
                    </list>
                    <create translate="title" module="core">
                        <title>Create stores</title>
                        <!--Parameters are code,name,is_default,sort_order,default_group_id,group_ids-->
                        <method>create</method>
                    </create>
                    <info translate="title" module="core">
                        <title>Fetch detail of stores</title>
                        <method>info</method>
                    </info>
                    <update translate="title" module="core">
                        <title>Update stores info</title>
                        <method>update</method>
                    </update>
                    <delete translate="title" module="core">
                        <title>Delete stores</title>
                        <method>delete</method>
                    </delete>
                </methods>
                <faults module="core">
                    <store_not_exists>
                        <code>101</code>
                        <message>Requested store not found.</message>
                    </store_not_exists>
                    <data_invalid>
                        <code>102</code>
                        <message>Store creation failed due to invalid data.</message>
                    </data_invalid>
                    <filters_invalid>
                        <code>103</code>
                        <message>Invalid data fetch filter.</message>
                    </filters_invalid>
                </faults>
            </oe_storeviews>
           
           
           
            <catalog_product_tag translate="title" module="tag">
                <title>Product Tag API</title>
                <model>openerpconnector/tag_api</model>
                <acl>catalog/product/tag</acl>
                <methods>

                    <add translate="title" module="tag">
                        <title>Add tag(s) to product</title>
                        <acl>catalog/product/tag/add</acl>
                    </add>
                    
                </methods>
            </catalog_product_tag>
     
        <resources_alias>
            <category>catalog_product_tag</category>
        </resources_alias>
        
        </resources>
    </api>
</config>
