<?xml version="1.0"?>
<!--
/**
 * Magento
 *
 * NOTICE OF LICENSE
 *
 * This source file is subject to the Open Software License (OSL 3.0)
 * that is bundled with this package in the file LICENSE.txt.
 * It is also available through the world-wide-web at this URL:
 * http://opensource.org/licenses/osl-3.0.php
 * If you did not receive a copy of the license and are unable to
 * obtain it through the world-wide-web, please send an email
 * to license@magentocommerce.com so we can send you a copy immediately.
 *
 * @category    Phoenix
 * @package     Phoenix_Moneybookers
 * @copyright   Copyright (c) 2012 Phoenix Medien GmbH & Co. KG (http://www.phoenix-medien.de)
 * @license     http://opensource.org/licenses/osl-3.0.php  Open Software License (OSL 3.0)
 */
-->
<config>
<tabs>
        <erporders_tab translate="label">
            <label>ERP</label>
            <sort_order>100</sort_order>
        </erporders_tab>
    </tabs>
    <sections>
        <erporders translate="label" module="erporders">
            <label>Connection Settings</label>
            <tab>erporders_tab</tab>        
            <frontend_type>text</frontend_type>
            <sort_order>101</sort_order>
            <show_in_default>1</show_in_default>
            <show_in_website>1</show_in_website>
            <show_in_store>1</show_in_store>
            <groups>
                <erpconfig translate="label">
                    <label>Connection Settings</label>
                    <frontend_type>text</frontend_type>
                    <sort_order>1</sort_order>
                    <show_in_default>1</show_in_default>
                    <show_in_website>1</show_in_website>
                    <show_in_store>1</show_in_store>
                    <fields>
                        <servername translate="label">
                            <label>Server Name</label>
                            <frontend_type>text</frontend_type>
                            <sort_order>10</sort_order>
                            <show_in_default>1</show_in_default>
                            <show_in_website>1</show_in_website>
                            <show_in_store>1</show_in_store>
                        </servername>
                        <port translate="label">
                            <label>Port</label>
                            <frontend_type>text</frontend_type>
                            <sort_order>20</sort_order>
                            <show_in_default>1</show_in_default>
                            <show_in_website>1</show_in_website>
                            <show_in_store>1</show_in_store>
                        </port>
                        <dbname translate="label">
                            <label>Database Name</label>
                            <frontend_type>text</frontend_type>
                            <sort_order>21</sort_order>
                            <show_in_default>1</show_in_default>
                            <show_in_website>1</show_in_website>
                            <show_in_store>1</show_in_store>
                        </dbname>
                        <username translate="label">
                            <label>Username</label>
                            <frontend_type>text</frontend_type>
                            <sort_order>22</sort_order>
                            <show_in_default>1</show_in_default>
                            <show_in_website>1</show_in_website>
                            <show_in_store>1</show_in_store>
                        </username>
                        <password translate="label">
                            <label>Password</label>
                            <frontend_type>text</frontend_type>
                            <sort_order>23</sort_order>
                            <show_in_default>1</show_in_default>
                            <show_in_website>1</show_in_website>
                            <show_in_store>1</show_in_store>
                        </password>                      
                    </fields>
                </erpconfig>
            </groups>
        </erporders>
    </sections>
</config>
