<?xml version="1.0"?>

<!--
##############################################################################
#
#    OpenERP, Open Source Management Solution
#    Copyright (C) 2004-2008 Tiny SPRL (<http://tiny.be>). All Rights Reserved
#    Sharoon Thomas
#
#    This program is free software: you can redistribute it and/or modify
#    it under the terms of the GNU General Public License as published by
#    the Free Software Foundation, either version 3 of the License, or
#    (at your option) any later version.
#
#    This program is distributed in the hope that it will be useful,
#    but WITHOUT ANY WARRANTY; without even the implied warranty of
#    MERCHANTABILITY or FITNESS FOR A PARTICULAR PURPOSE.  See the
#    GNU General Public License for more details.
#
#    You should have received a copy of the GNU General Public License
#    along with this program.  If not, see <http://www.gnu.org/licenses/>.
#
##############################################################################

-->
<config>
    <modules>
        <Confianz_Shipping>
            <codePool>local</codePool>
            <active>true</active>
            <depends>
                <Mage_Shipping/>
                
            </depends>
        </Confianz_Shipping>
        

        
    </modules>
</config>
