<config>
    <api>
        <resources>                
            <taxes_core translate="title" module="taxes">
                <title>Wineshop Taxes Core app API calls</title>
                <model>taxes/core_api</model>
                <acl>wineshop/taxes</acl>
                <methods>
                    <items translate="title" module="taxes">
                        <title>Get best selling product list</title>
                        <acl>wineshop/taxes/allaccess</acl>
                    </items>
                    <create translate="title" module="taxes">
                        <title>Get best selling product list</title>
                        <acl>wineshop/taxes/allaccess</acl>
                    </create>
                    <update translate="title" module="taxes">
                        <title>Get best selling product list</title>
                        <acl>wineshop/taxes/allaccess</acl>
                    </update>
                    <delete translate="title" module="taxes">
                        <title>Get best selling product list</title>
                        <acl>wineshop/taxes/owneraccess</acl>
                    </delete>
                </methods>
            </taxes_core>                               
        </resources>
        <resources_alias><!-- here we can put aliases, shortened calls for our api resource, I haven't checked how alias behaves when it collides with different resource... -->
            <core>taxes_core</core>
        </resources_alias>
        <acl><!-- Access Control List  to our resources, this tree structure is displayed in "Resource Roles" panel when you open role to edit -->
            <resources>
                <wineshop translate="title" module="taxes">
                    <title>Wineshop</title>
                    <sort_order>100</sort_order>
                    <taxes translate="title" module="taxes">
                        <title>Taxes</title>
                        <sort_order>100</sort_order>
                        <allaccess translate="title" module="taxes">
                            <title>Core functionality required by all users.</title>
                            <sort_order>10</sort_order>
                        </allaccess>
                        <owneraccess translate="title" module="taxes">
                            <title>Functions accessible only for owner.</title>
                            <sort_order>50</sort_order>
                        </owneraccess>
                    </taxes>
                </wineshop>
            </resources>
        </acl>
    </api>
</config>
