<?xml version="1.0"?>
<!--
/**
 * Magento
 *
 * NOTICE OF LICENSE
 *
 * This source file is subject to the Academic Free License (AFL 3.0)
 * that is bundled with this package in the file LICENSE_AFL.txt.
 * It is also available through the world-wide-web at this URL:
 * http://opensource.org/licenses/afl-3.0.php
 * If you did not receive a copy of the license and are unable to
 * obtain it through the world-wide-web, please send an email
 * to license@magentocommerce.com so we can send you a copy immediately.
 *
 * @category    Sample
 * @package     Sample_WidgetOne
 * @copyright   Copyright (c) 2009 Irubin Consulting Inc. DBA Varien (http://www.varien.com)
 * @license     http://opensource.org/licenses/afl-3.0.php  Academic Free License (AFL 3.0)
 */
-->
<widgets>
    <regions_twitter type="regions/twitter" translate="name description" module="regions">
        <name>Bookmark: Twitter1</name>
        <description type="desc">Adds a simple "Tweet This!" link</description>
    </regions_twitter>
    <regions_digg type="regions/digg" translate="name description" module="regions">
        <name>Bookmark: Digg</name>
        <description type="desc">Adds a simple "You Digg?" link</description>
    </regions_digg>
    <regions_delicious type="regions/delicious" translate="name description" module="regions">
        <name>Bookmark: Delicious</name>
        <description type="desc">Adds a simple delicious.com bookmarking link</description>
    </regions_delicious>
</widgets>
